formatted_date,Sl No,District Name,Market Name,Commodity,Variety,Grade,Min Price,Max Price,Modal Price,Price Date
01-01-2023,42,Shajapur,Shajapur,Wheat,Other,FAQ,2250,2505,2400,01 Jan 2023
01-02-2023,177,Shajapur,Shajapur,Wheat,Other,FAQ,2401,2721,2576,01 Feb 2023
01-03-2023,322,Shajapur,Shajapur,Wheat,Other,FAQ,1800,2418,2182,01 Mar 2023
01-03-2024,218,Shajapur,Shajapur,Wheat,Local,FAQ,2005,2612,2301,01 Mar 2024
01-04-2023,2,Shajapur,Shajapur,Wheat,Other,FAQ,2190,2190,2190,01 Apr 2023
01-06-2023,407,Shajapur,Shajapur,Wheat,Other,FAQ,2027,2480,2250,01 Jun 2023
01-06-2024,51,Shajapur,Shajapur,Wheat,Local,FAQ,2325,2850,2386,01 Jun 2024
01-07-2023,30,Shajapur,Shajapur,Wheat,Other,FAQ,2000,2550,2252,01 Jul 2023
01-08-2023,254,Shajapur,Shajapur,Wheat,Other,FAQ,2250,2675,2390,01 Aug 2023
01-09-2023,282,Shajapur,Shajapur,Wheat,Other,FAQ,2339,2671,2474,01 Sep 2023
01-10-2024,389,Shajapur,Shajapur,Wheat,Wheat,FAQ,2586,2933,2650,01 Oct 2024
01-11-2023,356,Shajapur,Shajapur,Wheat,Other,FAQ,2454,3018,2682,01 Nov 2023
01-12-2023,196,Shajapur,Shajapur,Wheat,Other,FAQ,2380,2801,2570,01 Dec 2023
02-01-2023,27,Shajapur,Shajapur,Wheat,Other,FAQ,2370,2850,2591,02 Jan 2023
02-02-2023,46,Shajapur,Shajapur,Wheat,Other,FAQ,2450,2672,2584,02 Feb 2023
02-03-2023,149,Shajapur,Shajapur,Wheat,Other,FAQ,1958,2372,2157,02 Mar 2023
02-03-2024,309,Shajapur,Shajapur,Wheat,Local,FAQ,2062,2631,2300,02 Mar 2024
02-04-2023,194,Shajapur,Shajapur,Wheat,Other,FAQ,2190,2190,2190,02 Apr 2023
02-04-2024,253,Shajapur,Shajapur,Wheat,Local,FAQ,2000,3034,2300,02 Apr 2024
02-05-2023,205,Shajapur,Shajapur,Wheat,Other,FAQ,1961,2526,2252,02 May 2023
02-05-2024,22,Shajapur,Shajapur,Wheat,Local,FAQ,2233,2650,2399,02 May 2024
02-06-2023,87,Shajapur,Shajapur,Wheat,Other,FAQ,1830,2515,2185,02 Jun 2023
02-07-2023,402,Shajapur,Shajapur,Wheat,Other,FAQ,2250,2250,2250,02 Jul 2023
02-08-2023,178,Shajapur,Shajapur,Wheat,Other,FAQ,2261,2762,2486,02 Aug 2023
02-09-2023,1,Shajapur,Shajapur,Wheat,Other,FAQ,2334,2770,2400,02 Sep 2023
02-10-2023,131,Shajapur,Shajapur,Wheat,Other,FAQ,2400,2450,2450,02 Oct 2023
02-11-2023,245,Shajapur,Shajapur,Wheat,Other,FAQ,2450,3240,2702,02 Nov 2023
02-12-2023,240,Shajapur,Shajapur,Wheat,Other,FAQ,2155,2800,2556,02 Dec 2023
03-01-2023,361,Shajapur,Shajapur,Wheat,Other,FAQ,2211,2860,2602,03 Jan 2023
03-02-2023,132,Shajapur,Shajapur,Wheat,Other,FAQ,2300,2576,2424,03 Feb 2023
03-03-2023,352,Shajapur,Shajapur,Wheat,Other,FAQ,1855,2380,2120,03 Mar 2023
03-04-2023,234,Shajapur,Shajapur,Wheat,Other,FAQ,2200,2200,2200,03 Apr 2023
03-04-2024,342,Shajapur,Shajapur,Wheat,Local,FAQ,2000,3030,2300,03 Apr 2024
03-05-2023,133,Shajapur,Shajapur,Wheat,Other,FAQ,1951,2525,2275,03 May 2023
03-05-2024,3,Shajapur,Shajapur,Wheat,Local,FAQ,1696,2980,2300,03 May 2024
03-06-2023,209,Shajapur,Shajapur,Wheat,Other,FAQ,1800,2490,2270,03 Jun 2023
03-06-2024,404,Shajapur,Shajapur,Wheat,Local,FAQ,2175,2912,2480,03 Jun 2024
03-07-2023,320,Shajapur,Shajapur,Wheat,Other,FAQ,2250,2250,2250,03 Jul 2023
03-08-2023,273,Shajapur,Shajapur,Wheat,Other,FAQ,2352,2762,2470,03 Aug 2023
03-09-2023,156,Shajapur,Shajapur,Wheat,Other,FAQ,2350,2350,2350,03 Sep 2023
03-09-2024,360,Shajapur,Shajapur,Wheat,Wheat,FAQ,2626,3051,2664,03 Sep 2024
03-10-2023,362,Shajapur,Shajapur,Wheat,Other,FAQ,2300,2792,2494,03 Oct 2023
03-11-2023,14,Shajapur,Shajapur,Wheat,Other,FAQ,2200,3075,2689,03 Nov 2023
03-12-2023,18,Shajapur,Shajapur,Wheat,Other,FAQ,2350,2350,2350,03 Dec 2023
04-01-2023,65,Shajapur,Shajapur,Wheat,Other,FAQ,2466,2741,2614,04 Jan 2023
04-02-2023,41,Shajapur,Shajapur,Wheat,Other,FAQ,2300,2621,2470,04 Feb 2023
04-03-2023,148,Shajapur,Shajapur,Wheat,Other,FAQ,1885,2392,2154,04 Mar 2023
04-03-2024,76,Shajapur,Shajapur,Wheat,Local,FAQ,1770,2631,2340,04 Mar 2024
04-04-2023,394,Shajapur,Shajapur,Wheat,Other,FAQ,1800,2552,2234,04 Apr 2023
04-04-2024,359,Shajapur,Shajapur,Wheat,Local,FAQ,1725,2950,2350,04 Apr 2024
04-05-2023,300,Shajapur,Shajapur,Wheat,Other,FAQ,1859,2523,2177,04 May 2023
04-05-2024,63,Shajapur,Shajapur,Wheat,Local,FAQ,2200,2804,2255,04 May 2024
04-06-2023,392,Shajapur,Shajapur,Wheat,Other,FAQ,1900,2498,2318,04 Jun 2023
04-07-2023,252,Shajapur,Shajapur,Wheat,Other,FAQ,1910,2611,2290,04 Jul 2023
04-08-2023,343,Shajapur,Shajapur,Wheat,Other,FAQ,2240,2802,2461,04 Aug 2023
04-09-2023,214,Shajapur,Shajapur,Wheat,Other,FAQ,2200,2200,2200,04 Sep 2023
04-09-2024,168,Shajapur,Shajapur,Wheat,Wheat,FAQ,2500,2995,2850,04 Sep 2024
04-10-2023,204,Shajapur,Shajapur,Wheat,Other,FAQ,2201,2900,2502,04 Oct 2023
04-10-2024,193,Shajapur,Shajapur,Wheat,Wheat,FAQ,2555,4100,2692,04 Oct 2024
04-11-2023,265,Shajapur,Shajapur,Wheat,Other,FAQ,2483,2930,2636,04 Nov 2023
04-12-2023,355,Shajapur,Shajapur,Wheat,Other,FAQ,2300,2800,2688,04 Dec 2023
05-01-2023,278,Shajapur,Shajapur,Wheat,Other,FAQ,2200,2855,2600,05 Jan 2023
05-02-2023,108,Shajapur,Shajapur,Wheat,Other,FAQ,2550,2550,2550,05 Feb 2023
05-03-2023,107,Shajapur,Shajapur,Wheat,Other,FAQ,2500,2500,2500,05 Mar 2023
05-03-2024,104,Shajapur,Shajapur,Wheat,Local,FAQ,1848,2601,2315,05 Mar 2024
05-04-2023,233,Shajapur,Shajapur,Wheat,Other,FAQ,1715,2501,2153,05 Apr 2023
05-04-2024,66,Shajapur,Shajapur,Wheat,Mill Quality,FAQ,2330,2370,2415,05 Apr 2024
05-05-2023,347,Shajapur,Shajapur,Wheat,Other,FAQ,2250,2250,2250,05 May 2023
05-06-2024,74,Shajapur,Shajapur,Wheat,Local,FAQ,2160,2750,2400,05 Jun 2024
05-07-2023,287,Shajapur,Shajapur,Wheat,Other,FAQ,2050,2615,2370,05 Jul 2023
05-08-2023,301,Shajapur,Shajapur,Wheat,Other,FAQ,2300,2650,2500,05 Aug 2023
05-08-2024,34,Shajapur,Shajapur,Wheat,Wheat,FAQ,2503,2969,2891,05 Aug 2024
05-09-2023,324,Shajapur,Shajapur,Wheat,Other,FAQ,2400,2450,2400,05 Sep 2023
05-09-2024,71,Shajapur,Shajapur,Wheat,Wheat,FAQ,2561,3033,2650,05 Sep 2024
05-10-2023,50,Shajapur,Shajapur,Wheat,Other,FAQ,2500,2500,2500,05 Oct 2023
05-10-2024,188,Shajapur,Shajapur,Wheat,Wheat,FAQ,2400,2868,2670,05 Oct 2024
05-11-2023,314,Shajapur,Shajapur,Wheat,Other,FAQ,2483,2850,2636,05 Nov 2023
05-12-2023,329,Shajapur,Shajapur,Wheat,Other,FAQ,2400,2801,2669,05 Dec 2023
06-02-2023,274,Shajapur,Shajapur,Wheat,Other,FAQ,2300,2601,2499,06 Feb 2023
06-03-2023,351,Shajapur,Shajapur,Wheat,Other,FAQ,1912,2392,2124,06 Mar 2023
06-03-2024,82,Shajapur,Shajapur,Wheat,Local,FAQ,1995,2635,2250,06 Mar 2024
06-04-2023,339,Shajapur,Shajapur,Wheat,Other,FAQ,2250,2250,2250,06 Apr 2023
06-04-2024,376,Shajapur,Shajapur,Wheat,Local,FAQ,2170,2815,2200,06 Apr 2024
06-05-2024,19,Shajapur,Shajapur,Wheat,Local,FAQ,2110,2900,2400,06 May 2024
06-07-2023,70,Shajapur,Shajapur,Wheat,Other,FAQ,2000,2654,2300,06 Jul 2023
06-08-2023,257,Shajapur,Shajapur,Wheat,Other,FAQ,2050,2250,2250,06 Aug 2023
06-08-2024,261,Shajapur,Shajapur,Wheat,Wheat,FAQ,2200,3081,2575,06 Aug 2024
06-09-2023,144,Shajapur,Shajapur,Wheat,Other,FAQ,2360,2360,2360,06 Sep 2023
06-09-2024,418,Shajapur,Shajapur,Wheat,Wheat,FAQ,2562,2900,2649,06 Sep 2024
06-10-2023,328,Shajapur,Shajapur,Wheat,Other,FAQ,2300,2850,2672,06 Oct 2023
06-11-2023,208,Shajapur,Shajapur,Wheat,Other,FAQ,2450,2940,2672,06 Nov 2023
06-12-2023,353,Shajapur,Shajapur,Wheat,Other,FAQ,2300,2755,2514,06 Dec 2023
07-02-2023,397,Shajapur,Shajapur,Wheat,Other,FAQ,2300,2670,2435,07 Feb 2023
07-03-2023,275,Shajapur,Shajapur,Wheat,Other,FAQ,2250,2250,2250,07 Mar 2023
07-03-2024,101,Shajapur,Shajapur,Wheat,Local,FAQ,2056,2701,2200,07 Mar 2024
07-04-2023,25,Shajapur,Shajapur,Wheat,Other,FAQ,2250,2300,2250,07 Apr 2023
07-05-2023,382,Shajapur,Shajapur,Wheat,Other,FAQ,2250,2250,2250,07 May 2023
07-05-2024,264,Shajapur,Shajapur,Wheat,Lokwan,FAQ,2402,2402,2300,07 May 2024
07-06-2024,299,Shajapur,Shajapur,Wheat,Local,FAQ,2195,2980,2525,07 Jun 2024
07-07-2023,307,Shajapur,Shajapur,Wheat,Other,FAQ,1905,2701,2301,07 Jul 2023
07-08-2023,315,Shajapur,Shajapur,Wheat,Other,FAQ,2361,2752,2591,07 Aug 2023
07-08-2024,325,Shajapur,Shajapur,Wheat,Wheat,FAQ,2535,3062,2700,07 Aug 2024
07-09-2023,293,Shajapur,Shajapur,Wheat,Other,FAQ,2250,2250,2250,07 Sep 2023
07-10-2023,115,Shajapur,Shajapur,Wheat,Other,FAQ,2325,2801,2485,07 Oct 2023
07-10-2024,336,Shajapur,Shajapur,Wheat,Wheat,FAQ,2350,2990,2840,07 Oct 2024
08-01-2023,323,Shajapur,Shajapur,Wheat,Other,FAQ,2450,2450,2450,08 Jan 2023
08-02-2023,251,Shajapur,Shajapur,Wheat,Other,FAQ,2350,2601,2500,08 Feb 2023
08-03-2023,425,Shajapur,Shajapur,Wheat,Other,FAQ,2250,2250,2250,08 Mar 2023
08-04-2023,145,Shajapur,Shajapur,Wheat,Other,FAQ,2250,2260,2250,08 Apr 2023
08-05-2023,183,Shajapur,Shajapur,Wheat,Other,FAQ,1700,2550,2281,08 May 2023
08-07-2023,125,Shajapur,Shajapur,Wheat,Other,FAQ,2250,2250,2250,08 Jul 2023
08-08-2023,327,Shajapur,Shajapur,Wheat,Other,FAQ,2334,2842,2505,08 Aug 2023
08-08-2024,40,Shajapur,Shajapur,Wheat,Wheat,FAQ,2543,3000,3000,08 Aug 2024
08-09-2023,413,Shajapur,Shajapur,Wheat,Other,FAQ,2360,2360,2360,08 Sep 2023
08-10-2024,422,Shajapur,Shajapur,Wheat,Wheat,FAQ,2500,3030,3030,08 Oct 2024
08-12-2023,111,Shajapur,Shajapur,Wheat,Other,FAQ,2311,2811,2551,08 Dec 2023
09-01-2023,386,Shajapur,Shajapur,Wheat,Other,FAQ,2174,2634,2453,09 Jan 2023
09-03-2023,162,Shajapur,Shajapur,Wheat,Other,FAQ,1891,2311,2160,09 Mar 2023
09-04-2023,186,Shajapur,Shajapur,Wheat,Other,FAQ,2190,2280,2200,09 Apr 2023
09-05-2023,163,Shajapur,Shajapur,Wheat,Other,FAQ,1900,2530,2142,09 May 2023
09-05-2024,230,Shajapur,Shajapur,Wheat,Local,FAQ,1615,2969,2300,09 May 2024
09-07-2023,211,Shajapur,Shajapur,Wheat,Other,FAQ,2290,2290,2290,09 Jul 2023
09-08-2023,313,Shajapur,Shajapur,Wheat,Other,FAQ,2270,2770,2508,09 Aug 2023
09-08-2024,317,Shajapur,Shajapur,Wheat,Wheat,FAQ,2500,3170,2580,09 Aug 2024
09-09-2023,201,Shajapur,Shajapur,Wheat,Other,FAQ,2500,2500,2500,09 Sep 2023
09-09-2024,291,Shajapur,Shajapur,Wheat,Wheat,FAQ,2412,2969,2969,09 Sep 2024
09-10-2024,403,Shajapur,Shajapur,Wheat,Wheat,FAQ,2699,2891,2750,09 Oct 2024
09-12-2023,316,Shajapur,Shajapur,Wheat,Other,FAQ,2250,2250,2250,09 Dec 2023
10-01-2023,212,Shajapur,Shajapur,Wheat,Other,FAQ,2431,2750,2622,10 Jan 2023
10-02-2023,221,Shajapur,Shajapur,Wheat,Other,FAQ,2401,2750,2500,10 Feb 2023
10-03-2023,331,Shajapur,Shajapur,Wheat,Other,FAQ,1850,2290,2150,10 Mar 2023
10-04-2023,147,Shajapur,Shajapur,Wheat,Other,FAQ,1780,2562,2376,10 Apr 2023
10-06-2023,311,Shajapur,Shajapur,Wheat,Other,FAQ,2250,2250,2250,10 Jun 2023
10-06-2024,281,Shajapur,Shajapur,Wheat,Local,FAQ,1100,2901,2500,10 Jun 2024
10-07-2023,124,Shajapur,Shajapur,Wheat,Other,FAQ,2050,2622,2380,10 Jul 2023
10-09-2023,109,Shajapur,Shajapur,Wheat,Other,FAQ,2350,2350,2350,10 Sep 2023
10-09-2024,409,Shajapur,Shajapur,Wheat,Wheat,FAQ,2590,3061,2600,10 Sep 2024
10-10-2023,333,Shajapur,Shajapur,Wheat,Other,FAQ,2300,2900,2501,10 Oct 2023
10-12-2023,279,Shajapur,Shajapur,Wheat,Other,FAQ,2350,2350,2350,10 Dec 2023
11-01-2023,372,Shajapur,Shajapur,Wheat,Other,FAQ,2521,2750,2600,11 Jan 2023
11-02-2023,69,Shajapur,Shajapur,Wheat,Other,FAQ,2600,2600,2600,11 Feb 2023
11-03-2023,171,Shajapur,Shajapur,Wheat,Other,FAQ,2250,2250,2250,11 Mar 2023
11-03-2024,151,Shajapur,Shajapur,Wheat,Local,FAQ,2000,2750,2200,11 Mar 2024
11-06-2023,43,Shajapur,Shajapur,Wheat,Other,FAQ,2190,2190,2190,11 Jun 2023
11-06-2024,272,Shajapur,Shajapur,Wheat,Local,FAQ,2300,2901,2400,11 Jun 2024
11-07-2023,128,Shajapur,Shajapur,Wheat,Other,FAQ,2070,2499,2247,11 Jul 2023
11-08-2023,340,Shajapur,Shajapur,Wheat,Other,FAQ,2300,2770,2563,11 Aug 2023
11-09-2023,235,Shajapur,Shajapur,Wheat,Other,FAQ,2350,2350,2350,11 Sep 2023
11-09-2024,9,Shajapur,Shajapur,Wheat,Wheat,FAQ,2585,3050,2612,11 Sep 2024
11-10-2023,137,Shajapur,Shajapur,Wheat,Other,FAQ,2300,2802,2518,11 Oct 2023
11-12-2023,36,Shajapur,Shajapur,Wheat,Other,FAQ,2290,2739,2451,11 Dec 2023
12-01-2023,97,Shajapur,Shajapur,Wheat,Other,FAQ,2395,2830,2610,12 Jan 2023
12-02-2023,215,Shajapur,Shajapur,Wheat,Other,FAQ,2590,2590,2590,12 Feb 2023
12-03-2023,5,Shajapur,Shajapur,Wheat,Other,FAQ,2250,2250,2250,12 Mar 2023
12-03-2024,222,Shajapur,Shajapur,Wheat,Local,FAQ,2099,2802,2415,12 Mar 2024
12-04-2023,4,Shajapur,Shajapur,Wheat,Other,FAQ,1800,2370,2129,12 Apr 2023
12-05-2023,129,Shajapur,Shajapur,Wheat,Other,FAQ,1832,2469,2210,12 May 2023
12-06-2023,54,Shajapur,Shajapur,Wheat,Other,FAQ,1981,2511,2252,12 Jun 2023
12-06-2024,143,Shajapur,Shajapur,Wheat,Local,FAQ,2300,2858,2350,12 Jun 2024
12-07-2023,348,Shajapur,Shajapur,Wheat,Other,FAQ,2090,2530,2335,12 Jul 2023
12-08-2023,268,Shajapur,Shajapur,Wheat,Other,FAQ,2450,2450,2450,12 Aug 2023
12-08-2024,270,Shajapur,Shajapur,Wheat,Wheat,FAQ,2563,3100,2605,12 Aug 2024
12-09-2023,354,Shajapur,Shajapur,Wheat,Other,FAQ,2250,2250,2250,12 Sep 2023
12-09-2024,15,Shajapur,Shajapur,Wheat,Wheat,FAQ,2575,2910,2585,12 Sep 2024
12-10-2023,150,Shajapur,Shajapur,Wheat,Other,FAQ,2300,2809,2526,12 Oct 2023
12-12-2023,7,Shajapur,Shajapur,Wheat,Other,FAQ,2500,2500,2500,12 Dec 2023
13-01-2023,31,Shajapur,Shajapur,Wheat,Other,FAQ,2426,2804,2690,13 Jan 2023
13-02-2023,39,Shajapur,Shajapur,Wheat,Other,FAQ,2000,2569,2300,13 Feb 2023
13-03-2023,58,Shajapur,Shajapur,Wheat,Other,FAQ,1850,2233,2146,13 Mar 2023
13-03-2024,136,Shajapur,Shajapur,Wheat,Local,FAQ,2100,2741,2400,13 Mar 2024
13-04-2023,266,Shajapur,Shajapur,Wheat,Other,FAQ,1600,2526,2170,13 Apr 2023
13-05-2023,427,Shajapur,Shajapur,Wheat,Other,FAQ,2250,2250,2250,13 May 2023
13-06-2023,398,Shajapur,Shajapur,Wheat,Other,FAQ,2002,2419,2210,13 Jun 2023
13-06-2024,294,Shajapur,Shajapur,Wheat,Local,FAQ,2360,2901,2450,13 Jun 2024
13-08-2023,249,Shajapur,Shajapur,Wheat,Other,FAQ,2400,2400,2400,13 Aug 2023
13-08-2024,96,Shajapur,Shajapur,Wheat,Wheat,FAQ,2551,3040,2600,13 Aug 2024
13-09-2023,169,Shajapur,Shajapur,Wheat,Other,FAQ,2350,2350,2350,13 Sep 2023
13-09-2024,412,Shajapur,Shajapur,Wheat,Wheat,FAQ,2500,3070,2900,13 Sep 2024
13-10-2023,80,Shajapur,Shajapur,Wheat,Other,FAQ,2200,2815,2550,13 Oct 2023
13-12-2023,335,Shajapur,Shajapur,Wheat,Other,FAQ,2200,2676,2435,13 Dec 2023
14-01-2023,400,Shajapur,Shajapur,Wheat,Other,FAQ,2250,2400,2400,14 Jan 2023
14-02-2023,155,Shajapur,Shajapur,Wheat,Other,FAQ,2000,2500,2205,14 Feb 2023
14-03-2024,428,Shajapur,Shajapur,Wheat,Mill Quality,FAQ,2191,2414,2401,14 Mar 2024
14-04-2023,134,Shajapur,Shajapur,Wheat,Other,FAQ,2250,2250,2250,14 Apr 2023
14-05-2023,396,Shajapur,Shajapur,Wheat,Other,FAQ,2250,2250,2250,14 May 2023
14-06-2023,62,Shajapur,Shajapur,Wheat,Other,FAQ,2002,2419,2210,14 Jun 2023
14-06-2024,29,Shajapur,Shajapur,Wheat,Local,FAQ,2300,2923,2400,14 Jun 2024
14-07-2023,153,Shajapur,Shajapur,Wheat,Other,FAQ,2112,2590,2252,14 Jul 2023
14-08-2024,290,Shajapur,Shajapur,Wheat,Wheat,FAQ,2550,2950,2600,14 Aug 2024
14-09-2023,401,Shajapur,Shajapur,Wheat,Other,FAQ,2250,2250,2250,14 Sep 2023
14-10-2023,224,Shajapur,Shajapur,Wheat,Other,FAQ,2200,2550,2540,14 Oct 2023
14-10-2024,122,Shajapur,Shajapur,Wheat,Wheat,FAQ,2550,2875,2700,14 Oct 2024
14-12-2023,380,Shajapur,Shajapur,Wheat,Other,FAQ,2100,2760,2465,14 Dec 2023
15-01-2023,308,Shajapur,Shajapur,Wheat,Other,FAQ,2500,2500,2500,15 Jan 2023
15-02-2023,123,Shajapur,Shajapur,Wheat,Other,FAQ,1900,2570,2390,15 Feb 2023
15-03-2024,112,Shajapur,Shajapur,Wheat,Mill Quality,FAQ,2195,2411,2300,15 Mar 2024
15-04-2024,363,Shajapur,Shajapur,Wheat,Local,FAQ,2155,2980,2400,15 Apr 2024
15-05-2023,99,Shajapur,Shajapur,Wheat,Other,FAQ,1960,2453,2190,15 May 2023
15-05-2024,284,Shajapur,Shajapur,Wheat,Local,FAQ,2115,2902,2368,15 May 2024
15-06-2023,60,Shajapur,Shajapur,Wheat,Other,FAQ,1950,2430,2160,15 Jun 2023
15-06-2024,103,Shajapur,Shajapur,Wheat,Local,FAQ,2346,2880,2424,15 Jun 2024
15-07-2023,358,Shajapur,Shajapur,Wheat,Other,FAQ,2100,2600,2253,15 Jul 2023
15-10-2024,262,Shajapur,Shajapur,Wheat,Wheat,FAQ,2599,2942,2870,15 Oct 2024
15-12-2023,374,Shajapur,Shajapur,Wheat,Other,FAQ,2270,2751,2460,15 Dec 2023
16-01-2023,206,Shajapur,Shajapur,Wheat,Other,FAQ,2401,2770,2611,16 Jan 2023
16-02-2023,190,Shajapur,Shajapur,Wheat,Other,FAQ,2044,2590,2200,16 Feb 2023
16-03-2024,423,Shajapur,Shajapur,Wheat,Local,FAQ,2082,2612,2370,16 Mar 2024
16-04-2023,408,Shajapur,Shajapur,Wheat,Other,FAQ,2250,2250,2250,16 Apr 2023
16-04-2024,383,Shajapur,Shajapur,Wheat,Mill Quality,FAQ,2444,2462,2300,16 Apr 2024
16-05-2023,263,Shajapur,Shajapur,Wheat,Other,FAQ,1868,2430,2220,16 May 2023
16-05-2024,8,Shajapur,Shajapur,Wheat,Local,FAQ,2200,2855,2371,16 May 2024
16-06-2023,77,Shajapur,Shajapur,Wheat,Other,FAQ,1800,2398,2211,16 Jun 2023
16-07-2023,170,Shajapur,Shajapur,Wheat,Other,FAQ,2250,2250,2250,16 Jul 2023
16-08-2024,349,Shajapur,Shajapur,Wheat,Wheat,FAQ,2560,2860,2650,16 Aug 2024
16-10-2023,267,Shajapur,Shajapur,Wheat,Other,FAQ,2310,2825,2560,16 Oct 2023
16-10-2024,141,Shajapur,Shajapur,Wheat,Wheat,FAQ,2600,2969,2850,16 Oct 2024
16-12-2023,378,Shajapur,Shajapur,Wheat,Other,FAQ,2095,2636,2359,16 Dec 2023
17-04-2023,226,Shajapur,Shajapur,Wheat,Other,FAQ,1470,2456,2091,17 Apr 2023
17-04-2024,280,Shajapur,Shajapur,Wheat,Local,FAQ,2200,2350,2350,17 Apr 2024
17-05-2023,95,Shajapur,Shajapur,Wheat,Other,FAQ,1900,2446,2269,17 May 2023
17-05-2024,391,Shajapur,Shajapur,Wheat,Local,FAQ,2200,2891,2380,17 May 2024
17-06-2023,377,Shajapur,Shajapur,Wheat,Other,FAQ,1889,2283,2110,17 Jun 2023
17-07-2023,64,Shajapur,Shajapur,Wheat,Other,FAQ,2250,2250,2250,17 Jul 2023
17-08-2023,390,Shajapur,Shajapur,Wheat,Other,FAQ,2326,2799,2575,17 Aug 2023
17-08-2024,161,Shajapur,Shajapur,Wheat,Wheat,FAQ,2581,2969,2669,17 Aug 2024
17-11-2023,312,Shajapur,Shajapur,Wheat,Other,FAQ,2550,2550,2550,17 Nov 2023
17-12-2023,68,Shajapur,Shajapur,Wheat,Other,FAQ,2250,2250,2250,17 Dec 2023
18-03-2023,424,Shajapur,Shajapur,Wheat,Other,FAQ,1500,2196,1962,18 Mar 2023
18-03-2024,227,Shajapur,Shajapur,Wheat,Mill Quality,FAQ,1950,2360,2300,18 Mar 2024
18-04-2024,90,Shajapur,Shajapur,Wheat,Local,FAQ,2200,3080,2365,18 Apr 2024
18-05-2024,385,Shajapur,Shajapur,Wheat,Local,FAQ,1812,2830,2426,18 May 2024
18-06-2023,213,Shajapur,Shajapur,Wheat,Other,FAQ,2250,2250,2250,18 Jun 2023
18-07-2023,105,Shajapur,Shajapur,Wheat,Other,FAQ,2131,2705,2396,18 Jul 2023
18-08-2023,231,Shajapur,Shajapur,Wheat,Other,FAQ,2212,2811,2558,18 Aug 2023
18-09-2024,73,Shajapur,Shajapur,Wheat,Wheat,FAQ,2550,2942,2790,18 Sep 2024
18-10-2023,216,Shajapur,Shajapur,Wheat,Other,FAQ,2110,2893,2516,18 Oct 2023
18-10-2024,47,Shajapur,Shajapur,Wheat,Wheat,FAQ,2600,2981,2650,18 Oct 2024
18-11-2023,344,Shajapur,Shajapur,Wheat,Other,FAQ,2436,3001,2494,18 Nov 2023
18-12-2023,295,Shajapur,Shajapur,Wheat,Other,FAQ,2150,2731,2506,18 Dec 2023
19-02-2023,10,Shajapur,Shajapur,Wheat,Other,FAQ,2500,2550,2510,19 Feb 2023
19-02-2024,296,Shajapur,Shajapur,Wheat,Local,FAQ,2200,2799,2400,19 Feb 2024
19-03-2023,160,Shajapur,Shajapur,Wheat,Other,FAQ,2200,2200,2200,19 Mar 2023
19-03-2024,192,Shajapur,Shajapur,Wheat,Mill Quality,FAQ,2270,2318,2300,19 Mar 2024
19-05-2024,332,Shajapur,Shajapur,Wheat,Local,FAQ,2300,2300,2300,19 May 2024
19-06-2023,35,Shajapur,Shajapur,Wheat,Other,FAQ,1850,2518,2251,19 Jun 2023
19-06-2024,276,Shajapur,Shajapur,Wheat,Local,FAQ,2000,2769,2600,19 Jun 2024
19-07-2023,184,Shajapur,Shajapur,Wheat,Other,FAQ,2082,2662,2320,19 Jul 2023
19-08-2023,154,Shajapur,Shajapur,Wheat,Other,FAQ,2170,2750,2418,19 Aug 2023
19-09-2024,285,Shajapur,Shajapur,Wheat,Wheat,FAQ,2500,2969,2670,19 Sep 2024
19-10-2023,173,Shajapur,Shajapur,Wheat,Other,FAQ,2311,2869,2570,19 Oct 2023
19-10-2024,58,Shajapur,Shajapur,Wheat,Wheat,FAQ,2500,2915,2812,19 Oct 2024
19-11-2023,20,Shajapur,Shajapur,Wheat,Other,FAQ,2500,2500,2500,19 Nov 2023
19-12-2023,246,Shajapur,Shajapur,Wheat,Other,FAQ,2299,2731,2562,19 Dec 2023
20-01-2023,388,Shajapur,Shajapur,Wheat,Other,FAQ,2500,2890,2750,20 Jan 2023
20-02-2023,426,Shajapur,Shajapur,Wheat,Other,FAQ,2490,2490,2490,20 Feb 2023
20-02-2024,370,Shajapur,Shajapur,Wheat,Local,FAQ,2100,2711,2300,20 Feb 2024
20-03-2023,381,Shajapur,Shajapur,Wheat,Other,FAQ,1650,2300,2035,20 Mar 2023
20-03-2024,159,Shajapur,Shajapur,Wheat,Local,FAQ,1950,2750,2150,20 Mar 2024
20-04-2024,85,Shajapur,Shajapur,Wheat,Local,FAQ,2100,3035,2300,20 Apr 2024
20-05-2023,357,Shajapur,Shajapur,Wheat,Other,FAQ,1955,2390,2110,20 May 2023
20-05-2024,217,Shajapur,Shajapur,Wheat,Local,FAQ,2304,2930,2800,20 May 2024
20-06-2024,110,Shajapur,Shajapur,Wheat,Local,FAQ,2390,2869,2500,20 Jun 2024
20-07-2023,157,Shajapur,Shajapur,Wheat,Other,FAQ,2101,2651,2310,20 Jul 2023
20-08-2023,410,Shajapur,Shajapur,Wheat,Other,FAQ,2250,2500,2300,20 Aug 2023
20-08-2024,117,Shajapur,Shajapur,Wheat,Wheat,FAQ,2551,2893,2893,20 Aug 2024
20-09-2024,52,Shajapur,Shajapur,Wheat,Wheat,FAQ,2400,3030,2590,20 Sep 2024
20-10-2023,72,Shajapur,Shajapur,Wheat,Other,FAQ,2400,2962,2582,20 Oct 2023
20-11-2023,21,Shajapur,Shajapur,Wheat,Other,FAQ,2370,2800,2530,20 Nov 2023
20-12-2023,283,Shajapur,Shajapur,Wheat,Other,FAQ,2300,2756,2551,20 Dec 2023
21-01-2023,220,Shajapur,Shajapur,Wheat,Other,FAQ,2450,2450,2450,21 Jan 2023
21-02-2023,152,Shajapur,Shajapur,Wheat,Other,FAQ,2120,2335,2220,21 Feb 2023
21-02-2024,11,Shajapur,Shajapur,Wheat,Local,FAQ,2100,2760,2300,21 Feb 2024
21-03-2023,126,Shajapur,Shajapur,Wheat,Other,FAQ,2250,2250,2250,21 Mar 2023
21-03-2024,277,Shajapur,Shajapur,Wheat,Local,FAQ,2100,2770,2300,21 Mar 2024
21-04-2023,67,Shajapur,Shajapur,Wheat,Other,FAQ,1866,2370,2073,21 Apr 2023
21-05-2023,297,Shajapur,Shajapur,Wheat,Other,FAQ,2250,2250,2250,21 May 2023
21-05-2024,45,Shajapur,Shajapur,Wheat,Local,FAQ,2300,2869,2392,21 May 2024
21-06-2024,202,Shajapur,Shajapur,Wheat,Local,FAQ,2378,2750,2467,21 Jun 2024
21-07-2023,75,Shajapur,Shajapur,Wheat,Other,FAQ,2136,2600,2290,21 Jul 2023
21-08-2023,238,Shajapur,Shajapur,Wheat,Other,FAQ,2300,2850,2600,21 Aug 2023
21-08-2024,114,Shajapur,Shajapur,Wheat,Wheat,FAQ,2561,2860,2570,21 Aug 2024
21-09-2024,93,Shajapur,Shajapur,Wheat,Wheat,FAQ,2550,2850,2770,21 Sep 2024
21-10-2023,242,Shajapur,Shajapur,Wheat,Other,FAQ,2450,3000,2675,21 Oct 2023
21-11-2023,368,Shajapur,Shajapur,Wheat,Other,FAQ,2399,2959,2555,21 Nov 2023
22-01-2023,92,Shajapur,Shajapur,Wheat,Other,FAQ,2400,2400,2400,22 Jan 2023
22-02-2023,255,Shajapur,Shajapur,Wheat,Other,FAQ,2150,2382,2271,22 Feb 2023
22-02-2024,120,Shajapur,Shajapur,Wheat,Local,FAQ,2125,2752,2350,22 Feb 2024
22-03-2023,191,Shajapur,Shajapur,Wheat,Other,FAQ,2240,2250,2250,22 Mar 2023
22-03-2024,197,Shajapur,Shajapur,Wheat,Mill Quality,FAQ,2352,2372,2300,22 Mar 2024
22-04-2023,130,Shajapur,Shajapur,Wheat,Other,FAQ,2250,2500,2250,22 Apr 2023
22-04-2024,91,Shajapur,Shajapur,Wheat,Local,FAQ,2100,3072,2462,22 Apr 2024
22-05-2023,366,Shajapur,Shajapur,Wheat,Other,FAQ,2190,2190,2190,22 May 2023
22-05-2024,176,Shajapur,Shajapur,Wheat,Local,FAQ,2300,2969,2501,22 May 2024
22-07-2023,326,Shajapur,Shajapur,Wheat,Other,FAQ,2250,2290,2290,22 Jul 2023
22-08-2023,365,Shajapur,Shajapur,Wheat,Other,FAQ,2276,2751,2480,22 Aug 2023
22-08-2024,203,Shajapur,Shajapur,Wheat,Wheat,FAQ,2505,2969,2800,22 Aug 2024
22-09-2023,56,Shajapur,Shajapur,Wheat,Other,FAQ,2001,2651,2431,22 Sep 2023
22-11-2023,113,Shajapur,Shajapur,Wheat,Other,FAQ,2400,3000,2575,22 Nov 2023
23-02-2023,259,Shajapur,Shajapur,Wheat,Other,FAQ,2156,2426,2225,23 Feb 2023
23-02-2024,121,Shajapur,Shajapur,Wheat,Local,FAQ,2181,2790,2400,23 Feb 2024
23-03-2023,302,Shajapur,Shajapur,Wheat,Other,FAQ,2190,2200,2200,23 Mar 2023
23-04-2023,198,Shajapur,Shajapur,Wheat,Other,FAQ,2190,2350,2250,23 Apr 2023
23-05-2023,88,Shajapur,Shajapur,Wheat,Other,FAQ,2035,2498,2250,23 May 2023
23-06-2023,17,Shajapur,Shajapur,Wheat,Other,FAQ,2000,2471,2292,23 Jun 2023
23-07-2023,256,Shajapur,Shajapur,Wheat,Other,FAQ,2350,2350,2350,23 Jul 2023
23-08-2023,79,Shajapur,Shajapur,Wheat,Other,FAQ,2300,2766,2472,23 Aug 2023
23-08-2024,411,Shajapur,Shajapur,Wheat,Wheat,FAQ,2541,3151,2612,23 Aug 2024
23-09-2023,81,Shajapur,Shajapur,Wheat,Other,FAQ,2250,2350,2300,23 Sep 2023
23-09-2024,84,Shajapur,Shajapur,Wheat,Wheat,FAQ,2538,2941,2800,23 Sep 2024
23-11-2023,393,Shajapur,Shajapur,Wheat,Other,FAQ,2400,3000,2575,23 Nov 2023
24-01-2023,55,Shajapur,Shajapur,Wheat,Other,FAQ,2670,2901,2844,24 Jan 2023
24-02-2023,174,Shajapur,Shajapur,Wheat,Other,FAQ,2170,2455,2322,24 Feb 2023
24-03-2023,53,Shajapur,Shajapur,Wheat,Other,FAQ,1700,2476,2149,24 Mar 2023
24-04-2023,181,Shajapur,Shajapur,Wheat,Other,FAQ,1842,2384,2100,24 Apr 2023
24-04-2024,306,Shajapur,Shajapur,Wheat,Local,FAQ,2270,2960,2300,24 Apr 2024
24-05-2023,321,Shajapur,Shajapur,Wheat,Other,FAQ,2050,2500,2245,24 May 2023
24-05-2024,319,Shajapur,Shajapur,Wheat,Local,FAQ,2200,2869,2400,24 May 2024
24-06-2023,185,Shajapur,Shajapur,Wheat,Other,FAQ,2250,2250,2250,24 Jun 2023
24-06-2024,248,Shajapur,Shajapur,Wheat,Local,FAQ,2400,2840,2586,24 Jun 2024
24-07-2023,13,Shajapur,Shajapur,Wheat,Other,FAQ,2158,2650,2378,24 Jul 2023
24-08-2023,334,Shajapur,Shajapur,Wheat,Other,FAQ,2275,2722,2446,24 Aug 2023
24-09-2023,341,Shajapur,Shajapur,Wheat,Other,FAQ,2450,2450,2450,24 Sep 2023
24-09-2024,395,Shajapur,Shajapur,Wheat,Wheat,FAQ,2599,2959,2650,24 Sep 2024
24-11-2023,289,Shajapur,Shajapur,Wheat,Other,FAQ,1840,2869,2532,24 Nov 2023
25-01-2023,142,Shajapur,Shajapur,Wheat,Other,FAQ,2678,3000,2834,25 Jan 2023
25-02-2023,387,Shajapur,Shajapur,Wheat,Other,FAQ,2450,2450,2450,25 Feb 2023
25-02-2024,229,Shajapur,Shajapur,Wheat,Local,FAQ,2485,2600,2485,25 Feb 2024
25-03-2023,405,Shajapur,Shajapur,Wheat,Other,FAQ,2250,2250,2250,25 Mar 2023
25-04-2023,38,Shajapur,Shajapur,Wheat,Other,FAQ,1715,2360,2126,25 Apr 2023
25-04-2024,260,Shajapur,Shajapur,Wheat,Local,FAQ,2100,3032,2400,25 Apr 2024
25-05-2023,24,Shajapur,Shajapur,Wheat,Other,FAQ,2070,2590,2271,25 May 2023
25-06-2023,207,Shajapur,Shajapur,Wheat,Other,FAQ,2210,2210,2210,25 Jun 2023
25-06-2024,417,Shajapur,Shajapur,Wheat,Local,FAQ,2400,2793,2530,25 Jun 2024
25-07-2023,175,Shajapur,Shajapur,Wheat,Other,FAQ,1710,2680,2300,25 Jul 2023
25-08-2023,138,Shajapur,Shajapur,Wheat,Other,FAQ,2000,2770,2435,25 Aug 2023
25-09-2023,345,Shajapur,Shajapur,Wheat,Other,FAQ,2300,2682,2515,25 Sep 2023
25-09-2024,237,Shajapur,Shajapur,Wheat,Wheat,FAQ,2600,3039,2654,25 Sep 2024
25-10-2023,239,Shajapur,Shajapur,Wheat,Other,FAQ,2450,2450,2450,25 Oct 2023
26-01-2023,415,Shajapur,Shajapur,Wheat,Other,FAQ,2550,2550,2550,26 Jan 2023
26-02-2023,367,Shajapur,Shajapur,Wheat,Other,FAQ,2450,2450,2450,26 Feb 2023
26-02-2024,298,Shajapur,Shajapur,Wheat,Local,FAQ,2090,2711,2300,26 Feb 2024
26-03-2023,250,Shajapur,Shajapur,Wheat,Other,FAQ,2230,2230,2230,26 Mar 2023
26-03-2024,37,Shajapur,Shajapur,Wheat,Local,FAQ,2300,2320,2315,26 Mar 2024
26-04-2024,219,Shajapur,Shajapur,Wheat,Mill Quality,FAQ,2286,2780,2300,26 Apr 2024
26-06-2023,119,Shajapur,Shajapur,Wheat,Other,FAQ,1720,2560,2252,26 Jun 2023
26-06-2024,89,Shajapur,Shajapur,Wheat,Local,FAQ,2266,2771,2680,26 Jun 2024
26-07-2023,61,Shajapur,Shajapur,Wheat,Other,FAQ,2198,2718,2351,26 Jul 2023
26-08-2023,94,Shajapur,Shajapur,Wheat,Other,FAQ,2250,2450,2400,26 Aug 2023
26-09-2023,406,Shajapur,Shajapur,Wheat,Other,FAQ,2408,2671,2558,26 Sep 2023
26-09-2024,200,Shajapur,Shajapur,Wheat,Wheat,FAQ,2600,2865,2865,26 Sep 2024
26-10-2023,189,Shajapur,Shajapur,Wheat,Other,FAQ,2450,2992,2655,26 Oct 2023
27-01-2023,338,Shajapur,Shajapur,Wheat,Other,FAQ,2461,2900,2752,27 Jan 2023
27-02-2023,199,Shajapur,Shajapur,Wheat,Other,FAQ,2052,2306,2130,27 Feb 2023
27-02-2024,225,Shajapur,Shajapur,Wheat,Local,FAQ,1800,2700,2300,27 Feb 2024
27-03-2023,271,Shajapur,Shajapur,Wheat,Other,FAQ,1758,2550,2172,27 Mar 2023
27-05-2023,223,Shajapur,Shajapur,Wheat,Other,FAQ,2200,2200,2200,27 May 2023
27-05-2024,135,Shajapur,Shajapur,Wheat,Local,FAQ,2300,2920,2400,27 May 2024
27-06-2023,116,Shajapur,Shajapur,Wheat,Other,FAQ,2000,2521,2286,27 Jun 2023
27-07-2023,421,Shajapur,Shajapur,Wheat,Other,FAQ,2175,2571,2256,27 Jul 2023
27-08-2023,247,Shajapur,Shajapur,Wheat,Other,FAQ,2350,2400,2350,27 Aug 2023
27-08-2024,310,Shajapur,Shajapur,Wheat,Wheat,FAQ,2600,3046,2860,27 Aug 2024
27-09-2023,228,Shajapur,Shajapur,Wheat,Other,FAQ,2375,2800,2562,27 Sep 2023
27-09-2024,98,Shajapur,Shajapur,Wheat,Wheat,FAQ,2605,2922,2741,27 Sep 2024
27-10-2023,210,Shajapur,Shajapur,Wheat,Other,FAQ,2522,3069,2869,27 Oct 2023
27-11-2023,364,Shajapur,Shajapur,Wheat,Other,FAQ,2400,2400,2400,27 Nov 2023
28-01-2023,86,Shajapur,Shajapur,Wheat,Other,FAQ,2500,2500,2500,28 Jan 2023
28-02-2023,420,Shajapur,Shajapur,Wheat,Other,FAQ,2086,2342,2218,28 Feb 2023
28-04-2023,384,Shajapur,Shajapur,Wheat,Other,FAQ,1900,2491,2167,28 Apr 2023
28-05-2023,33,Shajapur,Shajapur,Wheat,Other,FAQ,2350,2350,2350,28 May 2023
28-05-2024,337,Shajapur,Shajapur,Wheat,Local,FAQ,2300,2926,2601,28 May 2024
28-06-2023,243,Shajapur,Shajapur,Wheat,Other,FAQ,2000,2590,2274,28 Jun 2023
28-07-2023,167,Shajapur,Shajapur,Wheat,Other,FAQ,2200,2669,2485,28 Jul 2023
28-08-2023,269,Shajapur,Shajapur,Wheat,Other,FAQ,2305,2765,2562,28 Aug 2023
28-08-2024,100,Shajapur,Shajapur,Wheat,Wheat,FAQ,2600,3022,2900,28 Aug 2024
28-09-2023,6,Shajapur,Shajapur,Wheat,Other,FAQ,2250,2350,2250,28 Sep 2023
28-10-2023,127,Shajapur,Shajapur,Wheat,Other,FAQ,2500,2550,2550,28 Oct 2023
28-11-2023,375,Shajapur,Shajapur,Wheat,Other,FAQ,2452,2869,2630,28 Nov 2023
29-01-2023,371,Shajapur,Shajapur,Wheat,Other,FAQ,2450,2450,2450,29 Jan 2023
29-02-2024,414,Shajapur,Shajapur,Wheat,Local,FAQ,1906,2710,2325,29 Feb 2024
29-03-2023,303,Shajapur,Shajapur,Wheat,Other,FAQ,2250,2250,2250,29 Mar 2023
29-04-2023,166,Shajapur,Shajapur,Wheat,Other,FAQ,1811,2453,2102,29 Apr 2023
29-04-2024,180,Shajapur,Shajapur,Wheat,Local,FAQ,1600,2925,2350,29 Apr 2024
29-05-2024,305,Shajapur,Shajapur,Wheat,Local,FAQ,2300,2999,2400,29 May 2024
29-06-2023,59,Shajapur,Shajapur,Wheat,Other,FAQ,2200,2200,2200,29 Jun 2023
29-07-2023,419,Shajapur,Shajapur,Wheat,Other,FAQ,2250,2290,2250,29 Jul 2023
29-08-2023,416,Shajapur,Shajapur,Wheat,Other,FAQ,2329,2700,2431,29 Aug 2023
29-08-2024,258,Shajapur,Shajapur,Wheat,Wheat,FAQ,2600,3042,2981,29 Aug 2024
29-09-2023,304,Shajapur,Shajapur,Wheat,Other,FAQ,2450,2450,2450,29 Sep 2023
29-10-2023,373,Shajapur,Shajapur,Wheat,Other,FAQ,2490,2490,2490,29 Oct 2023
29-11-2023,244,Shajapur,Shajapur,Wheat,Other,FAQ,2400,2869,2611,29 Nov 2023
30-01-2023,48,Shajapur,Shajapur,Wheat,Other,FAQ,2326,2676,2501,30 Jan 2023
30-03-2023,179,Shajapur,Shajapur,Wheat,Other,FAQ,2250,2250,2250,30 Mar 2023
30-04-2023,369,Shajapur,Shajapur,Wheat,Other,FAQ,2200,2210,2200,30 Apr 2023
30-04-2024,292,Shajapur,Shajapur,Wheat,Lokwan,FAQ,2550,2665,2400,30 Apr 2024
30-05-2024,350,Shajapur,Shajapur,Wheat,Local,FAQ,2250,2850,2400,30 May 2024
30-06-2023,172,Shajapur,Shajapur,Wheat,Other,FAQ,2050,2250,2250,30 Jun 2023
30-07-2023,241,Shajapur,Shajapur,Wheat,Other,FAQ,2250,2250,2250,30 Jul 2023
30-08-2023,318,Shajapur,Shajapur,Wheat,Other,FAQ,2550,2550,2550,30 Aug 2023
30-08-2024,158,Shajapur,Shajapur,Wheat,Wheat,FAQ,2636,2990,2990,30 Aug 2024
30-09-2023,399,Shajapur,Shajapur,Wheat,Other,FAQ,2325,2673,2482,30 Sep 2023
30-09-2024,286,Shajapur,Shajapur,Wheat,Wheat,FAQ,2600,2900,2752,30 Sep 2024
30-11-2023,195,Shajapur,Shajapur,Wheat,Other,FAQ,2442,2806,2690,30 Nov 2023
31-01-2023,32,Shajapur,Shajapur,Wheat,Other,FAQ,2045,2790,2601,31 Jan 2023
31-03-2023,182,Shajapur,Shajapur,Wheat,Other,FAQ,2290,2290,2290,31 Mar 2023
31-05-2023,232,Shajapur,Shajapur,Wheat,Other,FAQ,2005,2470,2247,31 May 2023
31-05-2024,78,Shajapur,Shajapur,Wheat,Local,FAQ,1690,2902,2400,31 May 2024
31-07-2023,346,Shajapur,Shajapur,Wheat,Other,FAQ,2204,2678,2445,31 Jul 2023
31-08-2023,330,Shajapur,Shajapur,Wheat,Other,FAQ,2330,2358,2347,31 Aug 2023
31-08-2024,146,Shajapur,Shajapur,Wheat,Wheat,FAQ,2600,2969,2969,31 Aug 2024
